{
    "input_file": "/home/lukokat/Documents/school/KNN/knn-project/answers/output_3b_base_test42.jsonl",
    "thresholds": [
        0.1,
        0.2,
        0.3,
        0.4,
        0.5,
        0.6,
        0.7,
        0.8,
        0.9
    ],
    "sample_count": 311,
    "average_iou": 0.06415493595435902,
    "success": 269,
    "failure": 42,
    "true_positives": {
        "0.1": 81,
        "0.2": 26,
        "0.3": 10,
        "0.4": 3,
        "0.5": 1,
        "0.6": 1,
        "0.7": 0,
        "0.8": 0,
        "0.9": 0
    },
    "false_positives": {
        "0.1": 188,
        "0.2": 243,
        "0.3": 259,
        "0.4": 266,
        "0.5": 268,
        "0.6": 268,
        "0.7": 269,
        "0.8": 269,
        "0.9": 269
    },
    "false_negatives": {
        "0.1": 230,
        "0.2": 285,
        "0.3": 301,
        "0.4": 308,
        "0.5": 310,
        "0.6": 310,
        "0.7": 311,
        "0.8": 311,
        "0.9": 311
    },
    "true_negatives": {
        "0.1": 0,
        "0.2": 0,
        "0.3": 0,
        "0.4": 0,
        "0.5": 0,
        "0.6": 0,
        "0.7": 0,
        "0.8": 0,
        "0.9": 0
    },
    "precision": {
        "0.1": 0.30111524163568776,
        "0.2": 0.09665427509293681,
        "0.3": 0.03717472118959108,
        "0.4": 0.011152416356877323,
        "0.5": 0.0037174721189591076,
        "0.6": 0.0037174721189591076,
        "0.7": 0.0,
        "0.8": 0.0,
        "0.9": 0.0
    },
    "recall": {
        "0.1": 0.2604501607717042,
        "0.2": 0.08360128617363344,
        "0.3": 0.03215434083601286,
        "0.4": 0.00964630225080386,
        "0.5": 0.003215434083601286,
        "0.6": 0.003215434083601286,
        "0.7": 0.0,
        "0.8": 0.0,
        "0.9": 0.0
    },
    "f1_score": {
        "0.1": 0.2793103448275862,
        "0.2": 0.08965517241379312,
        "0.3": 0.034482758620689655,
        "0.4": 0.010344827586206896,
        "0.5": 0.003448275862068965,
        "0.6": 0.003448275862068965,
        "0.7": 0.0,
        "0.8": 0.0,
        "0.9": 0.0
    }
}