{
    "input_file": "/home/lukokat/Documents/school/KNN/knn-project/answers/output_3b_base_all.jsonl",
    "thresholds": [
        0.1,
        0.2,
        0.3,
        0.4,
        0.5,
        0.6,
        0.7,
        0.8,
        0.9
    ],
    "sample_count": 3084,
    "average_iou": 0.06334700860201403,
    "success": 2703,
    "failure": 381,
    "true_positives": {
        "0.1": 778,
        "0.2": 283,
        "0.3": 99,
        "0.4": 30,
        "0.5": 4,
        "0.6": 2,
        "0.7": 0,
        "0.8": 0,
        "0.9": 0
    },
    "false_positives": {
        "0.1": 1925,
        "0.2": 2420,
        "0.3": 2604,
        "0.4": 2673,
        "0.5": 2699,
        "0.6": 2701,
        "0.7": 2703,
        "0.8": 2703,
        "0.9": 2703
    },
    "false_negatives": {
        "0.1": 2306,
        "0.2": 2801,
        "0.3": 2985,
        "0.4": 3054,
        "0.5": 3080,
        "0.6": 3082,
        "0.7": 3084,
        "0.8": 3084,
        "0.9": 3084
    },
    "true_negatives": {
        "0.1": 0,
        "0.2": 0,
        "0.3": 0,
        "0.4": 0,
        "0.5": 0,
        "0.6": 0,
        "0.7": 0,
        "0.8": 0,
        "0.9": 0
    },
    "precision": {
        "0.1": 0.2878283388827229,
        "0.2": 0.10469848316685165,
        "0.3": 0.03662597114317425,
        "0.4": 0.011098779134295227,
        "0.5": 0.0014798372179060304,
        "0.6": 0.0007399186089530152,
        "0.7": 0.0,
        "0.8": 0.0,
        "0.9": 0.0
    },
    "recall": {
        "0.1": 0.2522697795071336,
        "0.2": 0.0917639429312581,
        "0.3": 0.032101167315175094,
        "0.4": 0.009727626459143969,
        "0.5": 0.0012970168612191958,
        "0.6": 0.0006485084306095979,
        "0.7": 0.0,
        "0.8": 0.0,
        "0.9": 0.0
    },
    "f1_score": {
        "0.1": 0.2688785208225332,
        "0.2": 0.09780542595472609,
        "0.3": 0.03421461897356143,
        "0.4": 0.010368066355624676,
        "0.5": 0.0013824088474166235,
        "0.6": 0.0006912044237083118,
        "0.7": 0.0,
        "0.8": 0.0,
        "0.9": 0.0
    }
}