{
    "input_file": "/home/lukokat/Documents/school/KNN/knn-project/answers/output_32b_base_all.jsonl",
    "thresholds": [
        0.1,
        0.2,
        0.3,
        0.4,
        0.5,
        0.6,
        0.7,
        0.8,
        0.9
    ],
    "sample_count": 3084,
    "average_iou": 0.06507259403046511,
    "success": 2750,
    "failure": 334,
    "true_positives": {
        "0.1": 777,
        "0.2": 308,
        "0.3": 116,
        "0.4": 44,
        "0.5": 13,
        "0.6": 4,
        "0.7": 1,
        "0.8": 0,
        "0.9": 0
    },
    "false_positives": {
        "0.1": 1973,
        "0.2": 2442,
        "0.3": 2634,
        "0.4": 2706,
        "0.5": 2737,
        "0.6": 2746,
        "0.7": 2749,
        "0.8": 2750,
        "0.9": 2750
    },
    "false_negatives": {
        "0.1": 2307,
        "0.2": 2776,
        "0.3": 2968,
        "0.4": 3040,
        "0.5": 3071,
        "0.6": 3080,
        "0.7": 3083,
        "0.8": 3084,
        "0.9": 3084
    },
    "true_negatives": {
        "0.1": 0,
        "0.2": 0,
        "0.3": 0,
        "0.4": 0,
        "0.5": 0,
        "0.6": 0,
        "0.7": 0,
        "0.8": 0,
        "0.9": 0
    },
    "precision": {
        "0.1": 0.28254545454545454,
        "0.2": 0.112,
        "0.3": 0.04218181818181818,
        "0.4": 0.016,
        "0.5": 0.0047272727272727275,
        "0.6": 0.0014545454545454545,
        "0.7": 0.0003636363636363636,
        "0.8": 0.0,
        "0.9": 0.0
    },
    "recall": {
        "0.1": 0.2519455252918288,
        "0.2": 0.09987029831387809,
        "0.3": 0.03761348897535668,
        "0.4": 0.014267185473411154,
        "0.5": 0.004215304798962386,
        "0.6": 0.0012970168612191958,
        "0.7": 0.00032425421530479895,
        "0.8": 0.0,
        "0.9": 0.0
    },
    "f1_score": {
        "0.1": 0.26636955776482685,
        "0.2": 0.10558793280767913,
        "0.3": 0.039766883784710313,
        "0.4": 0.015083990401097019,
        "0.5": 0.004456633527596845,
        "0.6": 0.0013712718546451833,
        "0.7": 0.0003428179636612958,
        "0.8": 0.0,
        "0.9": 0.0
    }
}