{
    "input_file": "/home/lukokat/Documents/school/KNN/knn-project/answers/output_3b_lora_test42.jsonl",
    "thresholds": [
        0.1,
        0.2,
        0.3,
        0.4,
        0.5,
        0.6,
        0.7,
        0.8,
        0.9
    ],
    "sample_count": 311,
    "average_iou": 0.26914804052745583,
    "success": 310,
    "failure": 1,
    "true_positives": {
        "0.1": 206,
        "0.2": 170,
        "0.3": 127,
        "0.4": 94,
        "0.5": 69,
        "0.6": 38,
        "0.7": 10,
        "0.8": 4,
        "0.9": 0
    },
    "false_positives": {
        "0.1": 104,
        "0.2": 140,
        "0.3": 183,
        "0.4": 216,
        "0.5": 241,
        "0.6": 272,
        "0.7": 300,
        "0.8": 306,
        "0.9": 310
    },
    "false_negatives": {
        "0.1": 105,
        "0.2": 141,
        "0.3": 184,
        "0.4": 217,
        "0.5": 242,
        "0.6": 273,
        "0.7": 301,
        "0.8": 307,
        "0.9": 311
    },
    "true_negatives": {
        "0.1": 0,
        "0.2": 0,
        "0.3": 0,
        "0.4": 0,
        "0.5": 0,
        "0.6": 0,
        "0.7": 0,
        "0.8": 0,
        "0.9": 0
    },
    "precision": {
        "0.1": 0.6645161290322581,
        "0.2": 0.5483870967741935,
        "0.3": 0.4096774193548387,
        "0.4": 0.3032258064516129,
        "0.5": 0.22258064516129034,
        "0.6": 0.12258064516129032,
        "0.7": 0.03225806451612903,
        "0.8": 0.012903225806451613,
        "0.9": 0.0
    },
    "recall": {
        "0.1": 0.662379421221865,
        "0.2": 0.5466237942122186,
        "0.3": 0.40836012861736337,
        "0.4": 0.3022508038585209,
        "0.5": 0.22186495176848875,
        "0.6": 0.12218649517684887,
        "0.7": 0.03215434083601286,
        "0.8": 0.012861736334405145,
        "0.9": 0.0
    },
    "f1_score": {
        "0.1": 0.6634460547504026,
        "0.2": 0.5475040257648953,
        "0.3": 0.40901771336553944,
        "0.4": 0.3027375201288245,
        "0.5": 0.2222222222222222,
        "0.6": 0.12238325281803543,
        "0.7": 0.0322061191626409,
        "0.8": 0.012882447665056359,
        "0.9": 0.0
    }
}