{
    "input_file": "/home/lukokat/Documents/school/KNN/knn-project/answers/output_7b_lora_test42.jsonl",
    "thresholds": [
        0.1,
        0.2,
        0.3,
        0.4,
        0.5,
        0.6,
        0.7,
        0.8,
        0.9
    ],
    "sample_count": 311,
    "average_iou": 0.11714959249915632,
    "success": 302,
    "failure": 9,
    "true_positives": {
        "0.1": 115,
        "0.2": 78,
        "0.3": 49,
        "0.4": 25,
        "0.5": 11,
        "0.6": 2,
        "0.7": 0,
        "0.8": 0,
        "0.9": 0
    },
    "false_positives": {
        "0.1": 187,
        "0.2": 224,
        "0.3": 253,
        "0.4": 277,
        "0.5": 291,
        "0.6": 300,
        "0.7": 302,
        "0.8": 302,
        "0.9": 302
    },
    "false_negatives": {
        "0.1": 196,
        "0.2": 233,
        "0.3": 262,
        "0.4": 286,
        "0.5": 300,
        "0.6": 309,
        "0.7": 311,
        "0.8": 311,
        "0.9": 311
    },
    "true_negatives": {
        "0.1": 0,
        "0.2": 0,
        "0.3": 0,
        "0.4": 0,
        "0.5": 0,
        "0.6": 0,
        "0.7": 0,
        "0.8": 0,
        "0.9": 0
    },
    "precision": {
        "0.1": 0.38079470198675497,
        "0.2": 0.2582781456953642,
        "0.3": 0.16225165562913907,
        "0.4": 0.08278145695364239,
        "0.5": 0.03642384105960265,
        "0.6": 0.006622516556291391,
        "0.7": 0.0,
        "0.8": 0.0,
        "0.9": 0.0
    },
    "recall": {
        "0.1": 0.36977491961414793,
        "0.2": 0.2508038585209003,
        "0.3": 0.15755627009646303,
        "0.4": 0.08038585209003216,
        "0.5": 0.03536977491961415,
        "0.6": 0.006430868167202572,
        "0.7": 0.0,
        "0.8": 0.0,
        "0.9": 0.0
    },
    "f1_score": {
        "0.1": 0.37520391517128876,
        "0.2": 0.2544861337683524,
        "0.3": 0.1598694942903752,
        "0.4": 0.08156606851549755,
        "0.5": 0.03588907014681892,
        "0.6": 0.006525285481239804,
        "0.7": 0.0,
        "0.8": 0.0,
        "0.9": 0.0
    }
}