{
    "input_file": "/home/lukokat/Documents/school/KNN/knn-project/answers/output_7b_base_test42.jsonl",
    "thresholds": [
        0.1,
        0.2,
        0.3,
        0.4,
        0.5,
        0.6,
        0.7,
        0.8,
        0.9
    ],
    "sample_count": 311,
    "average_iou": 0.06880240724250433,
    "success": 254,
    "failure": 57,
    "true_positives": {
        "0.1": 87,
        "0.2": 26,
        "0.3": 13,
        "0.4": 7,
        "0.5": 1,
        "0.6": 1,
        "0.7": 0,
        "0.8": 0,
        "0.9": 0
    },
    "false_positives": {
        "0.1": 167,
        "0.2": 228,
        "0.3": 241,
        "0.4": 247,
        "0.5": 253,
        "0.6": 253,
        "0.7": 254,
        "0.8": 254,
        "0.9": 254
    },
    "false_negatives": {
        "0.1": 224,
        "0.2": 285,
        "0.3": 298,
        "0.4": 304,
        "0.5": 310,
        "0.6": 310,
        "0.7": 311,
        "0.8": 311,
        "0.9": 311
    },
    "true_negatives": {
        "0.1": 0,
        "0.2": 0,
        "0.3": 0,
        "0.4": 0,
        "0.5": 0,
        "0.6": 0,
        "0.7": 0,
        "0.8": 0,
        "0.9": 0
    },
    "precision": {
        "0.1": 0.3425196850393701,
        "0.2": 0.10236220472440945,
        "0.3": 0.051181102362204724,
        "0.4": 0.027559055118110236,
        "0.5": 0.003937007874015748,
        "0.6": 0.003937007874015748,
        "0.7": 0.0,
        "0.8": 0.0,
        "0.9": 0.0
    },
    "recall": {
        "0.1": 0.2797427652733119,
        "0.2": 0.08360128617363344,
        "0.3": 0.04180064308681672,
        "0.4": 0.022508038585209004,
        "0.5": 0.003215434083601286,
        "0.6": 0.003215434083601286,
        "0.7": 0.0,
        "0.8": 0.0,
        "0.9": 0.0
    },
    "f1_score": {
        "0.1": 0.30796460176991153,
        "0.2": 0.0920353982300885,
        "0.3": 0.04601769911504425,
        "0.4": 0.0247787610619469,
        "0.5": 0.0035398230088495575,
        "0.6": 0.0035398230088495575,
        "0.7": 0.0,
        "0.8": 0.0,
        "0.9": 0.0
    }
}