{
    "input_file": "/home/lukokat/Documents/school/KNN/knn-project/answers/output_7b_base_all.jsonl",
    "thresholds": [
        0.1,
        0.2,
        0.3,
        0.4,
        0.5,
        0.6,
        0.7,
        0.8,
        0.9
    ],
    "sample_count": 3084,
    "average_iou": 0.0696610661375469,
    "success": 2615,
    "failure": 469,
    "true_positives": {
        "0.1": 877,
        "0.2": 331,
        "0.3": 108,
        "0.4": 26,
        "0.5": 4,
        "0.6": 2,
        "0.7": 0,
        "0.8": 0,
        "0.9": 0
    },
    "false_positives": {
        "0.1": 1738,
        "0.2": 2284,
        "0.3": 2507,
        "0.4": 2589,
        "0.5": 2611,
        "0.6": 2613,
        "0.7": 2615,
        "0.8": 2615,
        "0.9": 2615
    },
    "false_negatives": {
        "0.1": 2207,
        "0.2": 2753,
        "0.3": 2976,
        "0.4": 3058,
        "0.5": 3080,
        "0.6": 3082,
        "0.7": 3084,
        "0.8": 3084,
        "0.9": 3084
    },
    "true_negatives": {
        "0.1": 0,
        "0.2": 0,
        "0.3": 0,
        "0.4": 0,
        "0.5": 0,
        "0.6": 0,
        "0.7": 0,
        "0.8": 0,
        "0.9": 0
    },
    "precision": {
        "0.1": 0.33537284894837477,
        "0.2": 0.1265774378585086,
        "0.3": 0.04130019120458891,
        "0.4": 0.00994263862332696,
        "0.5": 0.0015296367112810707,
        "0.6": 0.0007648183556405354,
        "0.7": 0.0,
        "0.8": 0.0,
        "0.9": 0.0
    },
    "recall": {
        "0.1": 0.2843709468223087,
        "0.2": 0.10732814526588845,
        "0.3": 0.03501945525291829,
        "0.4": 0.008430609597924773,
        "0.5": 0.0012970168612191958,
        "0.6": 0.0006485084306095979,
        "0.7": 0.0,
        "0.8": 0.0,
        "0.9": 0.0
    },
    "f1_score": {
        "0.1": 0.3077732935602737,
        "0.2": 0.11616072995262326,
        "0.3": 0.03790138620810669,
        "0.4": 0.009124407790840497,
        "0.5": 0.001403755044744692,
        "0.6": 0.000701877522372346,
        "0.7": 0.0,
        "0.8": 0.0,
        "0.9": 0.0
    }
}