{
    "input_file": "/home/lukokat/Documents/school/KNN/knn-project/answers/output_32b_base_test42.jsonl",
    "thresholds": [
        0.1,
        0.2,
        0.3,
        0.4,
        0.5,
        0.6,
        0.7,
        0.8,
        0.9
    ],
    "sample_count": 311,
    "average_iou": 0.061122127463094034,
    "success": 279,
    "failure": 32,
    "true_positives": {
        "0.1": 77,
        "0.2": 29,
        "0.3": 11,
        "0.4": 2,
        "0.5": 1,
        "0.6": 1,
        "0.7": 0,
        "0.8": 0,
        "0.9": 0
    },
    "false_positives": {
        "0.1": 202,
        "0.2": 250,
        "0.3": 268,
        "0.4": 277,
        "0.5": 278,
        "0.6": 278,
        "0.7": 279,
        "0.8": 279,
        "0.9": 279
    },
    "false_negatives": {
        "0.1": 234,
        "0.2": 282,
        "0.3": 300,
        "0.4": 309,
        "0.5": 310,
        "0.6": 310,
        "0.7": 311,
        "0.8": 311,
        "0.9": 311
    },
    "true_negatives": {
        "0.1": 0,
        "0.2": 0,
        "0.3": 0,
        "0.4": 0,
        "0.5": 0,
        "0.6": 0,
        "0.7": 0,
        "0.8": 0,
        "0.9": 0
    },
    "precision": {
        "0.1": 0.27598566308243727,
        "0.2": 0.1039426523297491,
        "0.3": 0.03942652329749104,
        "0.4": 0.007168458781362007,
        "0.5": 0.0035842293906810036,
        "0.6": 0.0035842293906810036,
        "0.7": 0.0,
        "0.8": 0.0,
        "0.9": 0.0
    },
    "recall": {
        "0.1": 0.24758842443729903,
        "0.2": 0.0932475884244373,
        "0.3": 0.03536977491961415,
        "0.4": 0.006430868167202572,
        "0.5": 0.003215434083601286,
        "0.6": 0.003215434083601286,
        "0.7": 0.0,
        "0.8": 0.0,
        "0.9": 0.0
    },
    "f1_score": {
        "0.1": 0.26101694915254237,
        "0.2": 0.0983050847457627,
        "0.3": 0.03728813559322034,
        "0.4": 0.006779661016949152,
        "0.5": 0.003389830508474576,
        "0.6": 0.003389830508474576,
        "0.7": 0.0,
        "0.8": 0.0,
        "0.9": 0.0
    }
}