{
    "input_file": "/home/lukokat/Documents/school/KNN/knn-project/answers/output_3b_fewshot_test42.jsonl",
    "thresholds": [
        0.1,
        0.2,
        0.3,
        0.4,
        0.5,
        0.6,
        0.7,
        0.8,
        0.9
    ],
    "sample_count": 311,
    "average_iou": 0.04138315772330472,
    "success": 290,
    "failure": 21,
    "true_positives": {
        "0.1": 39,
        "0.2": 18,
        "0.3": 12,
        "0.4": 6,
        "0.5": 2,
        "0.6": 1,
        "0.7": 1,
        "0.8": 0,
        "0.9": 0
    },
    "false_positives": {
        "0.1": 251,
        "0.2": 272,
        "0.3": 278,
        "0.4": 284,
        "0.5": 288,
        "0.6": 289,
        "0.7": 289,
        "0.8": 290,
        "0.9": 290
    },
    "false_negatives": {
        "0.1": 272,
        "0.2": 293,
        "0.3": 299,
        "0.4": 305,
        "0.5": 309,
        "0.6": 310,
        "0.7": 310,
        "0.8": 311,
        "0.9": 311
    },
    "true_negatives": {
        "0.1": 0,
        "0.2": 0,
        "0.3": 0,
        "0.4": 0,
        "0.5": 0,
        "0.6": 0,
        "0.7": 0,
        "0.8": 0,
        "0.9": 0
    },
    "precision": {
        "0.1": 0.13448275862068965,
        "0.2": 0.06206896551724138,
        "0.3": 0.041379310344827586,
        "0.4": 0.020689655172413793,
        "0.5": 0.006896551724137931,
        "0.6": 0.0034482758620689655,
        "0.7": 0.0034482758620689655,
        "0.8": 0.0,
        "0.9": 0.0
    },
    "recall": {
        "0.1": 0.12540192926045016,
        "0.2": 0.05787781350482315,
        "0.3": 0.03858520900321544,
        "0.4": 0.01929260450160772,
        "0.5": 0.006430868167202572,
        "0.6": 0.003215434083601286,
        "0.7": 0.003215434083601286,
        "0.8": 0.0,
        "0.9": 0.0
    },
    "f1_score": {
        "0.1": 0.129783693843594,
        "0.2": 0.059900166389351084,
        "0.3": 0.03993344425956739,
        "0.4": 0.019966722129783693,
        "0.5": 0.006655574043261231,
        "0.6": 0.0033277870216306153,
        "0.7": 0.0033277870216306153,
        "0.8": 0.0,
        "0.9": 0.0
    }
}